Method,Precision,Recall,F1-Score,MAE Risk,Samples
Baseline: CLIP (ViT-L/14),0.6829268292682927,0.4745762711864407,0.56,,108
Ablation: Qwen-VL (No YOLO),0.6906474820143885,0.8135593220338984,0.7470817120622568,1.3888888888888888,108
Single Scout: Qwen-VL + YOLO,0.7142857142857143,0.9322033898305084,0.8088235294117647,1.1296296296296295,108
Single Scout: Gemma3 + YOLO,0.7166666666666667,0.7288135593220338,0.7226890756302521,1.787037037037037,108
Single Scout: Kimi + YOLO,0.4788732394366197,0.288135593220339,0.35978835978835977,3.2803738317757007,107
Ours: Semantic-Drive (Consensus),0.7125,0.9661016949152542,0.8201438848920863,0.6759259259259259,108
